StartDate,EndDate,Status,IPAddress,Progress,Duration (in seconds),Finished,RecordedDate,ResponseId,RecipientLastName,RecipientFirstName,RecipientEmail,ExternalReference,LocationLatitude,LocationLongitude,DistributionChannel,UserLanguage,Q1,Q2,Q3,Q4,Q5_1,Q5_2,Q5_3,Q5_4,Q5_5,Q5_6,Q5_7,Q5_8,Q5_9,Q5_10,Q5_11,Q5_12,Q5_13,Q5_14,Q5_15,Q5_16,Q5_17,Q5_18,Q5_19,Q5_20,Q5_21,Q5_22,Q5_23,Q5_24,Q5_25,Q5_26,Q5_27,Q5_28,Q5_29,Q5_30,Q5_31,Q5_32,Q5_33,Q5_34,Q5_35,Q5_36,Q5_37,Q5_38,Q5_39,Q5_40,Q5_41,Q5_42,Q5_43,Q5_44,Q6_1,Q6_2,Q6_3,Q6_4,Q6_5,Q6_6,Q6_7,Q6_8,Q6_9,Q6_10,Q6_11,Q6_12,Q6_13,Q6_14,Q8,Q9,Q11,Q12,Q13#1_1,Q13#2_1,Q14#1_1,Q14#1_2,Q14#1_3,Q14#1_4,Q14#1_5,Q14#1_6,Q14#1_7,Q14#1_8,Q14#1_9,Q14#1_10,Q14#1_11,Q14#1_12,Q14#1_13,Q14#1_14,Q14#1_15,Q14#1_16,Q14#1_17,Q14#1_18,Q14#1_19,Q14#1_20,Q14#1_21,Q14#1_22,Q14#1_23,Q14#2_1,Q14#2_2,Q14#2_3,Q14#2_4,Q14#2_5,Q14#2_6,Q14#2_7,Q14#2_8,Q14#2_9,Q14#2_10,Q14#2_11,Q14#2_12,Q14#2_13,Q14#2_14,Q14#2_15,Q14#2_16,Q14#2_17,Q14#2_18,Q14#2_19,Q14#2_20,Q14#2_21,Q14#2_22,Q14#2_23,Q15_1,Q15_2,Q15_3,Q15_4,Q15_5,Q16,Q17,SC0
Start Date,End Date,Response Type,IP Address,Progress,Duration (in seconds),Finished,Recorded Date,Response ID,Recipient Last Name,Recipient First Name,Recipient Email,External Data Reference,Location Latitude,Location Longitude,Distribution Channel,User Language,קוד משתתף/ת,גיל,מין,באיזו פקולטה הינך לומד\ת?,"לפניך רשימה של משפטי תיאור המאפיינים אנשים שונים ואלה יכולים להיות נכונים או לא נכונים לגביך. למשל,האם את/ה מסכים/מה שהנך אדם האוהב לבלות בחברת אחרים?אנא ציין/י את מידת הסכמתך או אי הסכמתך עם הטענות הבאות. - 1. ""דברן/דברנית""","לפניך רשימה של משפטי תיאור המאפיינים אנשים שונים ואלה יכולים להיות נכונים או לא נכונים לגביך. למשל,האם את/ה מסכים/מה שהנך אדם האוהב לבלות בחברת אחרים?אנא ציין/י את מידת הסכמתך או אי הסכמתך עם הטענות הבאות. - 2. נוטה לבקר ולמצוא פגמים באחרים","לפניך רשימה של משפטי תיאור המאפיינים אנשים שונים ואלה יכולים להיות נכונים או לא נכונים לגביך. למשל,האם את/ה מסכים/מה שהנך אדם האוהב לבלות בחברת אחרים?אנא ציין/י את מידת הסכמתך או אי הסכמתך עם הטענות הבאות. - 3. עובד/ת המבצע עבודתו/ה היטב וביסודיות","לפניך רשימה של משפטי תיאור המאפיינים אנשים שונים ואלה יכולים להיות נכונים או לא נכונים לגביך. למשל,האם את/ה מסכים/מה שהנך אדם האוהב לבלות בחברת אחרים?אנא ציין/י את מידת הסכמתך או אי הסכמתך עם הטענות הבאות. - 4. אדם מדוכדך ונוטה לעצבות","לפניך רשימה של משפטי תיאור המאפיינים אנשים שונים ואלה יכולים להיות נכונים או לא נכונים לגביך. למשל,האם את/ה מסכים/מה שהנך אדם האוהב לבלות בחברת אחרים?אנא ציין/י את מידת הסכמתך או אי הסכמתך עם הטענות הבאות. - 5. אדם מקורי הנוטה להעלות רעיונות חדשים","לפניך רשימה של משפטי תיאור המאפיינים אנשים שונים ואלה יכולים להיות נכונים או לא נכונים לגביך. למשל,האם את/ה מסכים/מה שהנך אדם האוהב לבלות בחברת אחרים?אנא ציין/י את מידת הסכמתך או אי הסכמתך עם הטענות הבאות. - 6. מאופק/ת ומסויג/ת","לפניך רשימה של משפטי תיאור המאפיינים אנשים שונים ואלה יכולים להיות נכונים או לא נכונים לגביך. למשל,האם את/ה מסכים/מה שהנך אדם האוהב לבלות בחברת אחרים?אנא ציין/י את מידת הסכמתך או אי הסכמתך עם הטענות הבאות. - 7. נכון/נה לעזור ובלתי אנוכי/ת עם אחרים","לפניך רשימה של משפטי תיאור המאפיינים אנשים שונים ואלה יכולים להיות נכונים או לא נכונים לגביך. למשל,האם את/ה מסכים/מה שהנך אדם האוהב לבלות בחברת אחרים?אנא ציין/י את מידת הסכמתך או אי הסכמתך עם הטענות הבאות. - 8. יכול/ה להיות לעיתים חסר/ת אכפתיות","לפניך רשימה של משפטי תיאור המאפיינים אנשים שונים ואלה יכולים להיות נכונים או לא נכונים לגביך. למשל,האם את/ה מסכים/מה שהנך אדם האוהב לבלות בחברת אחרים?אנא ציין/י את מידת הסכמתך או אי הסכמתך עם הטענות הבאות. - 9. אדם רגוע המתמודד היטב עם לחץ","לפניך רשימה של משפטי תיאור המאפיינים אנשים שונים ואלה יכולים להיות נכונים או לא נכונים לגביך. למשל,האם את/ה מסכים/מה שהנך אדם האוהב לבלות בחברת אחרים?אנא ציין/י את מידת הסכמתך או אי הסכמתך עם הטענות הבאות. - 10. סקרן/נית לגבי דברים רבים","לפניך רשימה של משפטי תיאור המאפיינים אנשים שונים ואלה יכולים להיות נכונים או לא נכונים לגביך. למשל,האם את/ה מסכים/מה שהנך אדם האוהב לבלות בחברת אחרים?אנא ציין/י את מידת הסכמתך או אי הסכמתך עם הטענות הבאות. - 11. מאד אנרגטי/ת","לפניך רשימה של משפטי תיאור המאפיינים אנשים שונים ואלה יכולים להיות נכונים או לא נכונים לגביך. למשל,האם את/ה מסכים/מה שהנך אדם האוהב לבלות בחברת אחרים?אנא ציין/י את מידת הסכמתך או אי הסכמתך עם הטענות הבאות. - 12. אדם הנוטה לעורר מריבות עם אחרים","לפניך רשימה של משפטי תיאור המאפיינים אנשים שונים ואלה יכולים להיות נכונים או לא נכונים לגביך. למשל,האם את/ה מסכים/מה שהנך אדם האוהב לבלות בחברת אחרים?אנא ציין/י את מידת הסכמתך או אי הסכמתך עם הטענות הבאות. - 13. עובד/ת אמין/נה שניתן לסמוך עליו/עליה","לפניך רשימה של משפטי תיאור המאפיינים אנשים שונים ואלה יכולים להיות נכונים או לא נכונים לגביך. למשל,האם את/ה מסכים/מה שהנך אדם האוהב לבלות בחברת אחרים?אנא ציין/י את מידת הסכמתך או אי הסכמתך עם הטענות הבאות. - 14. מתוח/ה לעתים","לפניך רשימה של משפטי תיאור המאפיינים אנשים שונים ואלה יכולים להיות נכונים או לא נכונים לגביך. למשל,האם את/ה מסכים/מה שהנך אדם האוהב לבלות בחברת אחרים?אנא ציין/י את מידת הסכמתך או אי הסכמתך עם הטענות הבאות. - 15. אדם חכם, שנון ומעמיק","לפניך רשימה של משפטי תיאור המאפיינים אנשים שונים ואלה יכולים להיות נכונים או לא נכונים לגביך. למשל,האם את/ה מסכים/מה שהנך אדם האוהב לבלות בחברת אחרים?אנא ציין/י את מידת הסכמתך או אי הסכמתך עם הטענות הבאות. - 16. מעורר התלהבות","לפניך רשימה של משפטי תיאור המאפיינים אנשים שונים ואלה יכולים להיות נכונים או לא נכונים לגביך. למשל,האם את/ה מסכים/מה שהנך אדם האוהב לבלות בחברת אחרים?אנא ציין/י את מידת הסכמתך או אי הסכמתך עם הטענות הבאות. - 17. בעל/ת מזג סלחני","לפניך רשימה של משפטי תיאור המאפיינים אנשים שונים ואלה יכולים להיות נכונים או לא נכונים לגביך. למשל,האם את/ה מסכים/מה שהנך אדם האוהב לבלות בחברת אחרים?אנא ציין/י את מידת הסכמתך או אי הסכמתך עם הטענות הבאות. - 18. נוטה להיות בלתי מאורגן/נת","לפניך רשימה של משפטי תיאור המאפיינים אנשים שונים ואלה יכולים להיות נכונים או לא נכונים לגביך. למשל,האם את/ה מסכים/מה שהנך אדם האוהב לבלות בחברת אחרים?אנא ציין/י את מידת הסכמתך או אי הסכמתך עם הטענות הבאות. - 19. אדם המרבה לדאוג","לפניך רשימה של משפטי תיאור המאפיינים אנשים שונים ואלה יכולים להיות נכונים או לא נכונים לגביך. למשל,האם את/ה מסכים/מה שהנך אדם האוהב לבלות בחברת אחרים?אנא ציין/י את מידת הסכמתך או אי הסכמתך עם הטענות הבאות. - 20. בעל/ת דמיון פעיל","לפניך רשימה של משפטי תיאור המאפיינים אנשים שונים ואלה יכולים להיות נכונים או לא נכונים לגביך. למשל,האם את/ה מסכים/מה שהנך אדם האוהב לבלות בחברת אחרים?אנא ציין/י את מידת הסכמתך או אי הסכמתך עם הטענות הבאות. - 21. נוטה להיות שקט/ה","לפניך רשימה של משפטי תיאור המאפיינים אנשים שונים ואלה יכולים להיות נכונים או לא נכונים לגביך. למשל,האם את/ה מסכים/מה שהנך אדם האוהב לבלות בחברת אחרים?אנא ציין/י את מידת הסכמתך או אי הסכמתך עם הטענות הבאות. - 22. אדם הנותן/נותנת אמון בד""כ","לפניך רשימה של משפטי תיאור המאפיינים אנשים שונים ואלה יכולים להיות נכונים או לא נכונים לגביך. למשל,האם את/ה מסכים/מה שהנך אדם האוהב לבלות בחברת אחרים?אנא ציין/י את מידת הסכמתך או אי הסכמתך עם הטענות הבאות. - 23. נוטה לעצלות","לפניך רשימה של משפטי תיאור המאפיינים אנשים שונים ואלה יכולים להיות נכונים או לא נכונים לגביך. למשל,האם את/ה מסכים/מה שהנך אדם האוהב לבלות בחברת אחרים?אנא ציין/י את מידת הסכמתך או אי הסכמתך עם הטענות הבאות. - 24. יציב/ה רגשית, לא נעצב/ת בקלות","לפניך רשימה של משפטי תיאור המאפיינים אנשים שונים ואלה יכולים להיות נכונים או לא נכונים לגביך. למשל,האם את/ה מסכים/מה שהנך אדם האוהב לבלות בחברת אחרים?אנא ציין/י את מידת הסכמתך או אי הסכמתך עם הטענות הבאות. - 25. אדם ""ממציא"" באופיו","לפניך רשימה של משפטי תיאור המאפיינים אנשים שונים ואלה יכולים להיות נכונים או לא נכונים לגביך. למשל,האם את/ה מסכים/מה שהנך אדם האוהב לבלות בחברת אחרים?אנא ציין/י את מידת הסכמתך או אי הסכמתך עם הטענות הבאות. - 26. בעל/ת אישיות אסרטיבית החלטי/ת","לפניך רשימה של משפטי תיאור המאפיינים אנשים שונים ואלה יכולים להיות נכונים או לא נכונים לגביך. למשל,האם את/ה מסכים/מה שהנך אדם האוהב לבלות בחברת אחרים?אנא ציין/י את מידת הסכמתך או אי הסכמתך עם הטענות הבאות. - 27. יכול/ה להיות קר/ה, מתנשא/ת ומרוחק/ת","לפניך רשימה של משפטי תיאור המאפיינים אנשים שונים ואלה יכולים להיות נכונים או לא נכונים לגביך. למשל,האם את/ה מסכים/מה שהנך אדם האוהב לבלות בחברת אחרים?אנא ציין/י את מידת הסכמתך או אי הסכמתך עם הטענות הבאות. - 28. דבק/ה במטרה עד שתושלם במלואה","לפניך רשימה של משפטי תיאור המאפיינים אנשים שונים ואלה יכולים להיות נכונים או לא נכונים לגביך. למשל,האם את/ה מסכים/מה שהנך אדם האוהב לבלות בחברת אחרים?אנא ציין/י את מידת הסכמתך או אי הסכמתך עם הטענות הבאות. - 29. נוטה למצבי רוח","לפניך רשימה של משפטי תיאור המאפיינים אנשים שונים ואלה יכולים להיות נכונים או לא נכונים לגביך. למשל,האם את/ה מסכים/מה שהנך אדם האוהב לבלות בחברת אחרים?אנא ציין/י את מידת הסכמתך או אי הסכמתך עם הטענות הבאות. - 30. יודע/ת להעריך התנסויות אסתטיות ואומנותיות","לפניך רשימה של משפטי תיאור המאפיינים אנשים שונים ואלה יכולים להיות נכונים או לא נכונים לגביך. למשל,האם את/ה מסכים/מה שהנך אדם האוהב לבלות בחברת אחרים?אנא ציין/י את מידת הסכמתך או אי הסכמתך עם הטענות הבאות. - 31. עצור/ה ומבויש/ת לפעמים","לפניך רשימה של משפטי תיאור המאפיינים אנשים שונים ואלה יכולים להיות נכונים או לא נכונים לגביך. למשל,האם את/ה מסכים/מה שהנך אדם האוהב לבלות בחברת אחרים?אנא ציין/י את מידת הסכמתך או אי הסכמתך עם הטענות הבאות. - 32. אדם מתחשב ונעים כמעט כלפי כל אחד","לפניך רשימה של משפטי תיאור המאפיינים אנשים שונים ואלה יכולים להיות נכונים או לא נכונים לגביך. למשל,האם את/ה מסכים/מה שהנך אדם האוהב לבלות בחברת אחרים?אנא ציין/י את מידת הסכמתך או אי הסכמתך עם הטענות הבאות. - 33. עושה דברים ביעילות","לפניך רשימה של משפטי תיאור המאפיינים אנשים שונים ואלה יכולים להיות נכונים או לא נכונים לגביך. למשל,האם את/ה מסכים/מה שהנך אדם האוהב לבלות בחברת אחרים?אנא ציין/י את מידת הסכמתך או אי הסכמתך עם הטענות הבאות. - 34. נשאר/ת רגוע/ה במצבי מתח","לפניך רשימה של משפטי תיאור המאפיינים אנשים שונים ואלה יכולים להיות נכונים או לא נכונים לגביך. למשל,האם את/ה מסכים/מה שהנך אדם האוהב לבלות בחברת אחרים?אנא ציין/י את מידת הסכמתך או אי הסכמתך עם הטענות הבאות. - 35. מעדיף/ה עבודה שגרתית","לפניך רשימה של משפטי תיאור המאפיינים אנשים שונים ואלה יכולים להיות נכונים או לא נכונים לגביך. למשל,האם את/ה מסכים/מה שהנך אדם האוהב לבלות בחברת אחרים?אנא ציין/י את מידת הסכמתך או אי הסכמתך עם הטענות הבאות. - 36. אדם חברותי ופתוח","לפניך רשימה של משפטי תיאור המאפיינים אנשים שונים ואלה יכולים להיות נכונים או לא נכונים לגביך. למשל,האם את/ה מסכים/מה שהנך אדם האוהב לבלות בחברת אחרים?אנא ציין/י את מידת הסכמתך או אי הסכמתך עם הטענות הבאות. - 37. לעתים גס/ת רוח כלפי אחרים","לפניך רשימה של משפטי תיאור המאפיינים אנשים שונים ואלה יכולים להיות נכונים או לא נכונים לגביך. למשל,האם את/ה מסכים/מה שהנך אדם האוהב לבלות בחברת אחרים?אנא ציין/י את מידת הסכמתך או אי הסכמתך עם הטענות הבאות. - 38. אדם המתכנן תכניות ודבק בהן","לפניך רשימה של משפטי תיאור המאפיינים אנשים שונים ואלה יכולים להיות נכונים או לא נכונים לגביך. למשל,האם את/ה מסכים/מה שהנך אדם האוהב לבלות בחברת אחרים?אנא ציין/י את מידת הסכמתך או אי הסכמתך עם הטענות הבאות. - 39. מתרגז/ת בקלות","לפניך רשימה של משפטי תיאור המאפיינים אנשים שונים ואלה יכולים להיות נכונים או לא נכונים לגביך. למשל,האם את/ה מסכים/מה שהנך אדם האוהב לבלות בחברת אחרים?אנא ציין/י את מידת הסכמתך או אי הסכמתך עם הטענות הבאות. - 40. לעתים קרובות נהנה/ית לחשוב ולהשתעשע ברעיונות מופשטים","לפניך רשימה של משפטי תיאור המאפיינים אנשים שונים ואלה יכולים להיות נכונים או לא נכונים לגביך. למשל,האם את/ה מסכים/מה שהנך אדם האוהב לבלות בחברת אחרים?אנא ציין/י את מידת הסכמתך או אי הסכמתך עם הטענות הבאות. - 41. מגלה מעט עניין באומנות","לפניך רשימה של משפטי תיאור המאפיינים אנשים שונים ואלה יכולים להיות נכונים או לא נכונים לגביך. למשל,האם את/ה מסכים/מה שהנך אדם האוהב לבלות בחברת אחרים?אנא ציין/י את מידת הסכמתך או אי הסכמתך עם הטענות הבאות. - 42. אוהב/ת לשתף פעולה עם אחרים","לפניך רשימה של משפטי תיאור המאפיינים אנשים שונים ואלה יכולים להיות נכונים או לא נכונים לגביך. למשל,האם את/ה מסכים/מה שהנך אדם האוהב לבלות בחברת אחרים?אנא ציין/י את מידת הסכמתך או אי הסכמתך עם הטענות הבאות. - 43. אדם אשר דעתו מוסחת בקלות","לפניך רשימה של משפטי תיאור המאפיינים אנשים שונים ואלה יכולים להיות נכונים או לא נכונים לגביך. למשל,האם את/ה מסכים/מה שהנך אדם האוהב לבלות בחברת אחרים?אנא ציין/י את מידת הסכמתך או אי הסכמתך עם הטענות הבאות. - 44. בעל/ת גישה מעמיקה ומורכבת לאומנות, מוסיקה וספרות",דרג/י את המשפטים הבאים בסולם 1-5: - 1. הייתי מרגיש\ה לא נוח אם לרובוטים באמת היו רגשות,דרג/י את המשפטים הבאים בסולם 1-5: - 2. משהו רע עלול לקרות אם רובוטים היו מתפתחים ליצורים חיים,דרג/י את המשפטים הבאים בסולם 1-5: - 3. הייתי מרגיש\ה רגוע לדבר עם רובוטים,דרג/י את המשפטים הבאים בסולם 1-5: - 4. הייתי מרגיש\ה לא נוח אם הייתי מקבל עבודה בה הייתי צריך להשתמש ברובוטים,"דרג/י את המשפטים הבאים בסולם 1-5: - 5. אם לרובוטים היו רגשות, הייתי יכול\ה להתיידד אתם",דרג/י את המשפטים הבאים בסולם 1-5: - 6. אני מרגיש\ה מנוחם\ת להיות עם רובוט בעל רגשות,דרג/י את המשפטים הבאים בסולם 1-5: - 7. למילה ״רובוט״ אין שום משמעות עבורי,דרג/י את המשפטים הבאים בסולם 1-5: - 8. הייתי מרגיש\ה עצבני\ת לתפעל רובוט לפני אנשים אחרים,דרג/י את המשפטים הבאים בסולם 1-5: - 9. הייתי שונא\ת את הרעיון שרובוטים או בינה מלאכותית היו מחליטים החלטות שיפוטיות לגבי דברים,דרג/י את המשפטים הבאים בסולם 1-5: - 10. הייתי מרגיש\ה מאוד עצבני\ת רק לעמוד מול רובוט,"דרג/י את המשפטים הבאים בסולם 1-5: - 11. אני מרגיש\ה שאם אני אסמוך על רובוטים יותר מדי, משהו רע עלול לקרות",דרג/י את המשפטים הבאים בסולם 1-5: - 12. לדבר עם רובוט היה גורם לי להרגיש פרנואידי\ת,דרג/י את המשפטים הבאים בסולם 1-5: - 13. אני מוטרד\ת שלרובוטים תהיה השפעה רעה על ילדים,דרג/י את המשפטים הבאים בסולם 1-5: - 14. אני מרגיש\ה שבעתיד רובוטים ישלטו על החברה,איזה רובוט היית מעסיק/ה כבלש?,איזה רובוט היית מעסיק/ה כקניין אומנות?,איזה רובוט היית מעסיק/ה כבלש?,איזה רובוט היית מעסיק/ה כקניין אומנות?,בשאלון שלפנייך צריך לדרג את שני הרובוטים עבור כל שאלה. בדוגמא שמובאת למטה. אם הייתי בוחר 1 עבור ה... - רובוט אדום - מזוייפים = 1:טבעיים = 5,בשאלון שלפנייך צריך לדרג את שני הרובוטים עבור כל שאלה. בדוגמא שמובאת למטה. אם הייתי בוחר 1 עבור ה... - רובוט כחול - מזוייפים = 1:טבעיים = 5,אנא דרג/י את הרושם שלך מהרובוטים לפי הסקלה הבאה: - רובוט אדום - מזוייפים : טבעיים,אנא דרג/י את הרושם שלך מהרובוטים לפי הסקלה הבאה: - רובוט אדום - דומים למכונה : דומים לאדם,אנא דרג/י את הרושם שלך מהרובוטים לפי הסקלה הבאה: - רובוט אדום - לא מודעים : מודעים,אנא דרג/י את הרושם שלך מהרובוטים לפי הסקלה הבאה: - רובוט אדום - מלאכותיים : דמויי חיים,אנא דרג/י את הרושם שלך מהרובוטים לפי הסקלה הבאה: - רובוט אדום - זזים בנוקשות/גסות : זזים באלגנטיות,אנא דרג/י את הרושם שלך מהרובוטים לפי הסקלה הבאה: - רובוט אדום - מתים : חיים,"אנא דרג/י את הרושם שלך מהרובוטים לפי הסקלה הבאה: - רובוט אדום - ""עומדים במקום"",  אדישים : מלאי חיים",אנא דרג/י את הרושם שלך מהרובוטים לפי הסקלה הבאה: - רובוט אדום - מכניים : אורגניים,אנא דרג/י את הרושם שלך מהרובוטים לפי הסקלה הבאה: - רובוט אדום - לא מגיבים : אינטרקטיביים,אנא דרג/י את הרושם שלך מהרובוטים לפי הסקלה הבאה: - רובוט אדום - אפאטיים : מגיבים,אנא דרג/י את הרושם שלך מהרובוטים לפי הסקלה הבאה: - רובוט אדום - לא מחבבים : מחבבים,אנא דרג/י את הרושם שלך מהרובוטים לפי הסקלה הבאה: - רובוט אדום - לא חברותיים : חברותיים,אנא דרג/י את הרושם שלך מהרובוטים לפי הסקלה הבאה: - רובוט אדום - לא אדיבים : אדיבים,אנא דרג/י את הרושם שלך מהרובוטים לפי הסקלה הבאה: - רובוט אדום - לא נעימים : נעימים,אנא דרג/י את הרושם שלך מהרובוטים לפי הסקלה הבאה: - רובוט אדום - נוראיים : נחמדים,אנא דרג/י את הרושם שלך מהרובוטים לפי הסקלה הבאה: - רובוט אדום - חסרי יכולת : בעלי יכולת,אנא דרג/י את הרושם שלך מהרובוטים לפי הסקלה הבאה: - רובוט אדום - בורים : בעלי ידע,אנא דרג/י את הרושם שלך מהרובוטים לפי הסקלה הבאה: - רובוט אדום - לא אחראיים : אחראיים,אנא דרג/י את הרושם שלך מהרובוטים לפי הסקלה הבאה: - רובוט אדום - לא אינטלגנטיים : אינטלגנטיים,אנא דרג/י את הרושם שלך מהרובוטים לפי הסקלה הבאה: - רובוט אדום - הגיוניים : שטותיים,אנא דרג/י את הרושם שלך מהרובוטים לפי הסקלה הבאה: - רובוט אדום - חרדים : רגועים,אנא דרג/י את הרושם שלך מהרובוטים לפי הסקלה הבאה: - רובוט אדום - רגועים : נסערים,אנא דרג/י את הרושם שלך מהרובוטים לפי הסקלה הבאה: - רובוט אדום - שלווים : מופתעים,אנא דרג/י את הרושם שלך מהרובוטים לפי הסקלה הבאה: - רובוט כחול - מזוייפים : טבעיים,אנא דרג/י את הרושם שלך מהרובוטים לפי הסקלה הבאה: - רובוט כחול - דומים למכונה : דומים לאדם,אנא דרג/י את הרושם שלך מהרובוטים לפי הסקלה הבאה: - רובוט כחול - לא מודעים : מודעים,אנא דרג/י את הרושם שלך מהרובוטים לפי הסקלה הבאה: - רובוט כחול - מלאכותיים : דמויי חיים,אנא דרג/י את הרושם שלך מהרובוטים לפי הסקלה הבאה: - רובוט כחול - זזים בנוקשות/גסות : זזים באלגנטיות,אנא דרג/י את הרושם שלך מהרובוטים לפי הסקלה הבאה: - רובוט כחול - מתים : חיים,"אנא דרג/י את הרושם שלך מהרובוטים לפי הסקלה הבאה: - רובוט כחול - ""עומדים במקום"",  אדישים : מלאי חיים",אנא דרג/י את הרושם שלך מהרובוטים לפי הסקלה הבאה: - רובוט כחול - מכניים : אורגניים,אנא דרג/י את הרושם שלך מהרובוטים לפי הסקלה הבאה: - רובוט כחול - לא מגיבים : אינטרקטיביים,אנא דרג/י את הרושם שלך מהרובוטים לפי הסקלה הבאה: - רובוט כחול - אפאטיים : מגיבים,אנא דרג/י את הרושם שלך מהרובוטים לפי הסקלה הבאה: - רובוט כחול - לא מחבבים : מחבבים,אנא דרג/י את הרושם שלך מהרובוטים לפי הסקלה הבאה: - רובוט כחול - לא חברותיים : חברותיים,אנא דרג/י את הרושם שלך מהרובוטים לפי הסקלה הבאה: - רובוט כחול - לא אדיבים : אדיבים,אנא דרג/י את הרושם שלך מהרובוטים לפי הסקלה הבאה: - רובוט כחול - לא נעימים : נעימים,אנא דרג/י את הרושם שלך מהרובוטים לפי הסקלה הבאה: - רובוט כחול - נוראיים : נחמדים,אנא דרג/י את הרושם שלך מהרובוטים לפי הסקלה הבאה: - רובוט כחול - חסרי יכולת : בעלי יכולת,אנא דרג/י את הרושם שלך מהרובוטים לפי הסקלה הבאה: - רובוט כחול - בורים : בעלי ידע,אנא דרג/י את הרושם שלך מהרובוטים לפי הסקלה הבאה: - רובוט כחול - לא אחראיים : אחראיים,אנא דרג/י את הרושם שלך מהרובוטים לפי הסקלה הבאה: - רובוט כחול - לא אינטלגנטיים : אינטלגנטיים,אנא דרג/י את הרושם שלך מהרובוטים לפי הסקלה הבאה: - רובוט כחול - הגיוניים : שטותיים,אנא דרג/י את הרושם שלך מהרובוטים לפי הסקלה הבאה: - רובוט כחול - חרדים : רגועים,אנא דרג/י את הרושם שלך מהרובוטים לפי הסקלה הבאה: - רובוט כחול - רגועים : נסערים,אנא דרג/י את הרושם שלך מהרובוטים לפי הסקלה הבאה: - רובוט כחול - שלווים : מופתעים,עבור כל מקרה בחר/י את הרובוט שנראה לך מתאים יותר לתפקיד. - איזה רובוט היית מעדיפ/ה כברמן?,עבור כל מקרה בחר/י את הרובוט שנראה לך מתאים יותר לתפקיד. - איזה רובוט יהיה אנליסט טוב יותר?,עבור כל מקרה בחר/י את הרובוט שנראה לך מתאים יותר לתפקיד. - איזה רובוט את/ה חושב/ת שיהיה חבר מושבעים טוב?,עבור כל מקרה בחר/י את הרובוט שנראה לך מתאים יותר לתפקיד. - איזה רובוט היית סומכ/ת עליו לנהל לך את התיק השקעות?,עבור כל מקרה בחר/י את הרובוט שנראה לך מתאים יותר לתפקיד. - איזה רובוט היית רוצה כפסיכולוג?,איזה רובוט היית לוקח/ת הבייתה?,למה?,Score
"{""ImportId"":""startDate"",""timeZone"":""America/Denver""}","{""ImportId"":""endDate"",""timeZone"":""America/Denver""}","{""ImportId"":""status""}","{""ImportId"":""ipAddress""}","{""ImportId"":""progress""}","{""ImportId"":""duration""}","{""ImportId"":""finished""}","{""ImportId"":""recordedDate"",""timeZone"":""America/Denver""}","{""ImportId"":""_recordId""}","{""ImportId"":""recipientLastName""}","{""ImportId"":""recipientFirstName""}","{""ImportId"":""recipientEmail""}","{""ImportId"":""externalDataReference""}","{""ImportId"":""locationLatitude""}","{""ImportId"":""locationLongitude""}","{""ImportId"":""distributionChannel""}","{""ImportId"":""userLanguage""}","{""ImportId"":""QID64_TEXT""}","{""ImportId"":""QID37_TEXT""}","{""ImportId"":""QID45""}","{""ImportId"":""QID49""}","{""ImportId"":""QID27_1""}","{""ImportId"":""QID27_2""}","{""ImportId"":""QID27_3""}","{""ImportId"":""QID27_4""}","{""ImportId"":""QID27_5""}","{""ImportId"":""QID27_6""}","{""ImportId"":""QID27_7""}","{""ImportId"":""QID27_8""}","{""ImportId"":""QID27_9""}","{""ImportId"":""QID27_10""}","{""ImportId"":""QID27_11""}","{""ImportId"":""QID27_12""}","{""ImportId"":""QID27_13""}","{""ImportId"":""QID27_14""}","{""ImportId"":""QID27_15""}","{""ImportId"":""QID27_16""}","{""ImportId"":""QID27_17""}","{""ImportId"":""QID27_18""}","{""ImportId"":""QID27_19""}","{""ImportId"":""QID27_20""}","{""ImportId"":""QID27_21""}","{""ImportId"":""QID27_22""}","{""ImportId"":""QID27_23""}","{""ImportId"":""QID27_24""}","{""ImportId"":""QID27_25""}","{""ImportId"":""QID27_26""}","{""ImportId"":""QID27_27""}","{""ImportId"":""QID27_28""}","{""ImportId"":""QID27_29""}","{""ImportId"":""QID27_30""}","{""ImportId"":""QID27_31""}","{""ImportId"":""QID27_32""}","{""ImportId"":""QID27_33""}","{""ImportId"":""QID27_34""}","{""ImportId"":""QID27_35""}","{""ImportId"":""QID27_36""}","{""ImportId"":""QID27_37""}","{""ImportId"":""QID27_38""}","{""ImportId"":""QID27_39""}","{""ImportId"":""QID27_40""}","{""ImportId"":""QID27_41""}","{""ImportId"":""QID27_42""}","{""ImportId"":""QID27_43""}","{""ImportId"":""QID27_44""}","{""ImportId"":""QID34_1""}","{""ImportId"":""QID34_2""}","{""ImportId"":""QID34_3""}","{""ImportId"":""QID34_4""}","{""ImportId"":""QID34_5""}","{""ImportId"":""QID34_6""}","{""ImportId"":""QID34_7""}","{""ImportId"":""QID34_8""}","{""ImportId"":""QID34_9""}","{""ImportId"":""QID34_10""}","{""ImportId"":""QID34_11""}","{""ImportId"":""QID34_12""}","{""ImportId"":""QID34_13""}","{""ImportId"":""QID34_14""}","{""ImportId"":""QID59""}","{""ImportId"":""QID60""}","{""ImportId"":""QID62""}","{""ImportId"":""QID63""}","{""ImportId"":""QID51#1_1""}","{""ImportId"":""QID51#2_1""}","{""ImportId"":""QID52#1_1""}","{""ImportId"":""QID52#1_2""}","{""ImportId"":""QID52#1_3""}","{""ImportId"":""QID52#1_4""}","{""ImportId"":""QID52#1_5""}","{""ImportId"":""QID52#1_6""}","{""ImportId"":""QID52#1_7""}","{""ImportId"":""QID52#1_8""}","{""ImportId"":""QID52#1_11""}","{""ImportId"":""QID52#1_12""}","{""ImportId"":""QID52#1_13""}","{""ImportId"":""QID52#1_14""}","{""ImportId"":""QID52#1_15""}","{""ImportId"":""QID52#1_16""}","{""ImportId"":""QID52#1_17""}","{""ImportId"":""QID52#1_18""}","{""ImportId"":""QID52#1_19""}","{""ImportId"":""QID52#1_20""}","{""ImportId"":""QID52#1_21""}","{""ImportId"":""QID52#1_22""}","{""ImportId"":""QID52#1_23""}","{""ImportId"":""QID52#1_24""}","{""ImportId"":""QID52#1_26""}","{""ImportId"":""QID52#2_1""}","{""ImportId"":""QID52#2_2""}","{""ImportId"":""QID52#2_3""}","{""ImportId"":""QID52#2_4""}","{""ImportId"":""QID52#2_5""}","{""ImportId"":""QID52#2_6""}","{""ImportId"":""QID52#2_7""}","{""ImportId"":""QID52#2_8""}","{""ImportId"":""QID52#2_11""}","{""ImportId"":""QID52#2_12""}","{""ImportId"":""QID52#2_13""}","{""ImportId"":""QID52#2_14""}","{""ImportId"":""QID52#2_15""}","{""ImportId"":""QID52#2_16""}","{""ImportId"":""QID52#2_17""}","{""ImportId"":""QID52#2_18""}","{""ImportId"":""QID52#2_19""}","{""ImportId"":""QID52#2_20""}","{""ImportId"":""QID52#2_21""}","{""ImportId"":""QID52#2_22""}","{""ImportId"":""QID52#2_23""}","{""ImportId"":""QID52#2_24""}","{""ImportId"":""QID52#2_26""}","{""ImportId"":""QID55_1""}","{""ImportId"":""QID55_2""}","{""ImportId"":""QID55_3""}","{""ImportId"":""QID55_4""}","{""ImportId"":""QID55_5""}","{""ImportId"":""QID57""}","{""ImportId"":""QID58_TEXT""}","{""ImportId"":""SC_bPATJzmHEmlI7EV""}"
2019-04-02 07:07:08,2019-04-02 07:09:28,1,,100,139,1,2019-04-02 07:09:29,R_2WZEYSfCbmdGSOl,,,,,32.0666961669921875,34.766693115234375,preview,HE,,32,1,,3,3,3,3,3,3,3,3,3,3,3,3,3,3,3,3,3,3,3,3,3,3,3,3,3,3,3,3,3,3,3,3,3,3,3,3,3,3,3,3,3,3,3,3,3,3,3,4,4,2,3,3,2,3,3,2,2,3,,,,,3,2,1,2,3,3,3,3,3,3,3,3,3,3,3,3,3,3,3,3,3,3,3,3,3,2,1,4,2,5,2,2,3,2,3,3,3,3,3,3,3,3,3,3,3,3,3,3,,,,,,,,132
2019-08-05 23:53:59,2019-08-06 00:31:32,0,132.66.195.75,100,2252,1,2019-08-06 00:31:33,R_5thHfmtJuv0RTt7,,,,,32.0666961669921875,34.766693115234375,anonymous,HE,001,23,2,0,3,4,4,4,3,4,3,4,4,5,5,2,4,4,4,3,4,4,4,3,3,3,2,4,3,4,3,4,4,4,4,3,5,4,2,4,3,4,3,4,3,3,2,4,4,4,3,2,3,2,2,2,4,2,3,3,3,3,1,2,2,2,2,2,4,2,2,2,1,3,2,1,2,2,3,3,3,4,4,4,4,3,4,4,4,2,3,2,2,2,2,2,3,2,1,2,2,3,3,3,4,4,4,4,3,4,2,4,2,3,3,1,1,1,3,1,יותר פרקטי,157
2019-08-06 00:34:49,2019-08-06 01:58:36,0,132.66.195.75,100,5026,1,2019-08-06 01:58:38,R_1rDleEb0dvry2bK,,,,,32.0666961669921875,34.766693115234375,anonymous,HE,002,32,1,1,3,3,4,2,4,3,3,2,3,4,3,2,4,4,4,3,3,3,3,4,3,3,2,3,3,4,3,4,3,4,3,3,4,3,3,3,2,4,3,4,2,3,3,4,3,3,4,3,4,3,3,2,4,2,3,3,3,3,1,2,2,2,3,3,3,3,3,3,2,2,2,2,2,2,3,3,3,3,3,3,3,3,3,3,3,3,3,3,3,3,3,2,2,2,2,2,2,3,3,3,3,3,3,3,3,3,3,3,3,3,1,1,1,1,3,1,יותר אנליטי ביכולות שלו לראות את התמונה הגדולה,140
2019-08-06 01:58:40,2019-08-06 02:45:54,0,132.66.195.75,100,2834,1,2019-08-06 02:45:56,R_24cUeVSji3pgErL,,,,,32.0666961669921875,34.766693115234375,anonymous,HE,003,38,2,1,3,2,5,1,4,2,5,1,4,5,5,1,5,2,5,4,4,1,2,5,3,4,2,4,4,4,1,5,1,5,3,5,5,5,1,4,1,4,2,5,1,5,1,4,4,3,4,1,4,3,1,1,3,1,3,2,2,4,2,1,3,1,4,4,4,2,4,3,2,4,4,3,5,5,3,3,3,4,4,4,5,4,4,4,5,1,1,4,2,4,3,2,4,4,3,5,5,3,3,3,4,4,4,5,4,4,4,5,1,1,1,3,3,3,1,1,הרגיש לי שהוא מבין יותר בתחומי אומנות שאלה תחומים שמעניינים גם אותי (:,145
2019-08-06 02:48:14,2019-08-06 03:32:53,0,132.66.195.75,100,2679,1,2019-08-06 03:32:55,R_2sRu7azc7inKKEx,,,,,32.0666961669921875,34.766693115234375,anonymous,HE,004,24,1,0,4,4,4,4,3,4,4,3,2,4,2,4,4,3,5,3,4,2,4,4,4,3,5,2,1,2,4,2,3,2,4,4,3,2,4,2,2,1,1,5,4,4,4,4,2,3,4,2,4,1,3,2,3,2,2,4,2,1,1,2,2,1,1,1,1,1,1,1,2,2,2,1,2,1,1,1,2,2,4,1,1,2,3,3,3,3,3,1,1,1,1,2,2,2,1,3,2,1,1,3,3,4,1,1,2,3,2,3,3,3,1,1,1,1,1,1,"כי הוא יותר חמוד בקול שלו, כי הוא הצליח לקלוע יותר לדעתי ההגיונית שיצירות של אמנים מפורסמים יהיו יקרות יותר, אולי כשבדיוק חשבתי או התאכזבתי שהם סתם זורקים מספרים",143
2019-08-06 03:34:58,2019-08-06 04:20:33,0,132.66.195.75,100,2735,1,2019-08-06 04:20:35,R_2YEf35x5FsX6Y4v,,,,,32.0666961669921875,34.766693115234375,anonymous,HE,005,26,1,2,2,4,5,2,4,4,4,3,3,5,4,2,4,2,4,4,4,1,4,3,5,5,2,4,3,3,4,4,2,4,4,4,4,4,2,2,3,3,4,3,4,3,2,3,2,1,4,1,4,3,1,1,2,1,1,1,3,2,2,2,3,2,3,4,2,1,2,1,1,3,1,1,2,3,2,3,2,3,4,3,4,4,5,4,4,2,2,2,1,2,1,1,3,1,1,2,3,2,3,2,3,4,3,4,4,5,4,4,2,2,1,3,3,3,1,2,חשיבה יותר הגיונית,149
2019-08-06 04:20:31,2019-08-06 05:31:30,0,132.66.195.75,100,4258,1,2019-08-06 05:31:31,R_1IACUvWNG0NCLl5,,,,,32.0666961669921875,34.766693115234375,anonymous,HE,006,22,2,1,5,5,4,2,4,2,3,4,5,5,3,1,4,4,5,4,3,4,4,4,2,4,3,4,2,4,4,4,1,4,3,4,4,4,4,4,3,3,4,2,2,3,3,2,3,4,4,2,4,3,1,3,5,2,4,2,4,5,2,2,3,1,3,2,3,4,3,3,2,1,2,5,3,1,3,3,2,1,1,3,1,2,1,2,1,5,5,3,2,3,4,4,3,3,1,1,4,3,3,5,4,3,3,4,4,5,4,5,1,1,3,1,3,1,3,2,הרגיש לי יותר אנושי וחברותי,152
2019-08-06 05:31:33,2019-08-06 06:04:52,0,132.66.195.75,100,1998,1,2019-08-06 06:04:53,R_26o2orhPll7bfDI,,,,,32.0666961669921875,34.766693115234375,anonymous,HE,007,22,2,0,3,2,5,3,4,3,3,4,3,5,4,1,5,4,5,3,4,1,4,4,2,2,3,3,4,4,4,4,4,3,3,4,3,4,4,4,2,3,4,4,5,3,3,1,2,2,4,1,3,2,1,3,1,1,4,3,4,5,2,1,2,2,4,3,4,4,2,3,2,2,2,2,4,2,1,1,1,4,4,4,5,3,5,2,5,1,2,3,3,2,3,2,2,2,2,4,2,1,1,1,4,4,4,5,3,5,2,5,1,2,3,1,3,1,3,1,כי אני מתחברת יותר לראש האנליטי שלו.,150
2019-08-06 06:16:33,2019-08-06 06:36:25,0,132.66.195.75,100,1192,1,2019-08-06 06:36:27,R_3HFRX7dKiHPpEWn,,,,,32.0666961669921875,34.766693115234375,anonymous,HE,008,22,2,0,4,3,4,1,4,1,4,2,3,4,3,1,4,3,4,3,3,2,3,4,1,4,1,4,4,4,3,4,2,4,1,4,4,2,3,4,2,4,3,4,2,4,2,4,2,3,4,2,3,3,1,2,3,2,2,1,1,1,1,2,2,1,2,3,2,3,2,2,4,2,3,2,2,2,3,4,4,4,4,4,2,3,3,2,3,2,2,3,3,2,2,4,2,3,2,2,2,3,4,4,4,4,4,2,3,3,2,3,2,2,1,1,1,3,3,1,הוא הראשון שדיבר ולכן מיד מצא חן בעיני. הצבע כחול הוא צבע מרגיע.,134
2019-08-06 06:54:28,2019-08-06 07:22:44,0,132.66.195.75,100,1696,1,2019-08-06 07:22:46,R_12P9qYtVOgb5h0R,,,,,32.0666961669921875,34.766693115234375,anonymous,HE,009,27,2,3,4,3,5,2,4,4,5,3,4,5,5,2,5,2,4,4,4,2,2,4,3,3,2,4,4,4,5,5,2,5,3,4,4,4,2,5,2,4,2,4,2,5,2,4,3,2,4,3,4,3,2,2,4,2,3,2,4,2,1,2,2,2,3,3,3,2,2,2,3,2,2,2,2,2,2,3,3,4,3,3,3,3,3,2,4,2,2,3,2,2,2,3,2,2,2,2,2,2,3,3,4,3,3,3,3,3,2,4,2,2,3,1,1,1,3,2,רק בגלל הצבע,157
2019-08-06 07:31:18,2019-08-06 08:04:47,0,132.66.195.75,100,2008,1,2019-08-06 08:04:49,R_DSsgWIWVUvPNGmt,,,,,32.0666961669921875,34.766693115234375,anonymous,HE,010,22,1,0,3,3,4,1,4,3,5,2,5,5,4,1,5,2,4,4,5,5,4,4,3,4,2,5,5,4,1,5,3,4,2,4,4,5,2,4,2,4,4,5,1,5,1,5,1,1,5,1,5,3,1,1,1,1,1,1,1,5,2,1,3,1,4,3,4,1,4,2,2,3,3,1,4,4,4,4,3,3,4,4,4,4,5,1,5,1,1,3,1,2,2,2,3,3,1,4,4,4,4,3,3,4,4,4,4,5,2,5,1,1,1,3,3,3,1,2,אוהב אדום והוא יותר חשדן מהרובוט הכחול,157
2019-08-06 08:04:51,2019-08-06 08:31:55,0,132.66.195.75,100,1624,1,2019-08-06 08:31:57,R_W99PDtmEhxgmPO9,,,,,32.0666961669921875,34.766693115234375,anonymous,HE,011,29,1,0,3,2,4,2,3,4,4,2,4,4,4,2,5,4,4,3,4,1,3,4,3,3,2,3,3,3,2,4,3,4,4,4,4,3,3,4,1,4,2,4,1,4,3,5,2,3,4,1,3,4,3,1,3,1,4,2,3,4,2,1,2,1,3,3,3,3,4,5,3,2,3,4,4,4,3,3,3,3,4,3,4,3,3,3,4,2,2,3,3,4,5,3,2,3,4,4,4,3,3,3,3,4,3,4,3,3,1,4,2,2,1,1,1,1,1,1,דעותיו היו קרובות יותר לאלו שלי,142
2019-08-07 23:17:29,2019-08-07 23:52:05,0,132.66.195.75,100,2076,1,2019-08-07 23:52:07,R_1oGeQI67UIFKin7,,,,,32.0666961669921875,34.766693115234375,anonymous,HE,012,29,1,3,2,2,4,3,4,4,4,2,4,5,3,2,4,3,4,3,4,4,4,4,4,3,1,4,3,3,2,4,2,4,4,4,4,4,4,3,1,4,2,4,2,4,2,4,4,4,3,3,2,2,2,2,4,2,4,3,3,2,1,1,2,1,3,4,3,4,4,2,2,3,3,4,3,3,4,4,4,3,4,4,4,3,4,4,4,2,4,4,4,4,2,2,3,3,4,3,3,4,4,4,3,4,4,4,3,4,4,4,2,4,1,1,1,1,1,1,מסתמן כיותר אמין בתשובות שלו,145
2019-08-07 23:53:32,2019-08-08 00:28:37,0,132.66.195.75,100,2105,1,2019-08-08 00:28:39,R_2eWl7BhTOFgWo5p,,,,,32.0666961669921875,34.766693115234375,anonymous,HE,013,24,2,3,3,2,4,1,2,2,4,2,2,4,3,2,5,4,4,4,3,2,4,2,2,4,2,4,2,2,2,4,2,4,3,4,4,2,4,4,2,4,2,2,2,4,2,4,4,5,3,3,3,2,2,2,3,2,4,4,2,5,1,1,3,1,3,3,3,2,2,2,2,2,2,2,4,4,3,4,4,5,5,4,4,3,4,4,5,4,2,3,2,2,2,2,2,2,2,4,4,3,4,4,5,5,4,4,3,4,4,5,4,2,1,3,1,3,3,1,כי בו התאהבתי קודם:),130
2019-08-08 00:30:46,2019-08-08 00:58:49,0,132.66.195.75,100,1683,1,2019-08-08 00:58:51,R_3KC6MzjhTBE4qGz,,,,,32.0666961669921875,34.766693115234375,anonymous,HE,014,27,1,3,4,4,5,1,4,2,4,2,5,5,4,1,5,4,4,3,4,3,2,3,2,5,4,5,4,4,4,4,2,4,1,4,4,4,4,4,2,4,2,3,1,5,4,4,4,4,4,2,3,2,2,1,2,1,4,1,3,1,2,1,2,1,2,4,2,3,2,2,4,2,4,1,2,2,2,2,2,2,3,2,2,3,2,4,4,4,2,4,4,2,2,2,2,2,1,2,2,3,2,4,2,3,2,2,3,2,4,4,2,2,3,3,1,3,1,1,יותר חמוד ובעל יכולות תקשורת טובות יותר,153
2019-08-08 01:29:40,2019-08-08 02:10:46,0,132.66.195.75,100,2465,1,2019-08-08 02:10:48,R_1rIHXT4cr6mUwyF,,,,,32.0666961669921875,34.766693115234375,anonymous,HE,015,26,2,3,3,3,5,1,3,3,4,3,4,4,3,1,5,4,5,4,3,1,3,2,4,3,1,4,1,4,4,5,1,3,2,4,4,4,3,4,3,5,2,4,4,4,1,1,3,3,3,3,4,4,2,3,4,4,4,2,2,5,1,1,2,1,2,1,2,1,1,1,2,2,2,2,2,2,2,2,3,3,3,2,2,2,2,2,4,2,2,1,1,1,1,2,2,2,2,2,2,2,2,3,3,3,2,2,2,2,2,4,2,2,3,1,1,1,3,2,משרה אווירה יותר נעימה ורגועה,139
2019-08-08 03:55:31,2019-08-08 04:26:42,0,132.66.195.75,100,1870,1,2019-08-08 04:26:42,R_1gvIb5rx38gaUmn,,,,,32.0666961669921875,34.766693115234375,anonymous,HE,016,25,1,1,4,4,5,2,4,3,4,2,5,5,4,1,5,3,5,4,5,2,3,5,3,5,3,5,5,5,3,5,2,5,2,5,4,5,5,5,1,4,2,5,1,4,3,5,1,1,4,1,2,4,1,1,3,4,2,1,1,3,1,1,3,1,4,3,4,4,4,5,4,5,5,5,4,3,3,4,3,4,5,5,5,5,5,1,5,1,2,3,4,4,4,5,5,5,5,4,3,3,3,3,4,5,5,5,4,5,1,5,1,1,3,3,3,1,3,2,התגובות שלו היו יותר נעימות,167
2019-08-08 04:26:38,2019-08-08 05:46:42,0,132.66.195.75,100,4803,1,2019-08-08 05:46:44,R_C2d0dwT5Jgeam77,,,,,32.0666961669921875,34.766693115234375,anonymous,HE,017,19,1,3,4,4,5,3,4,3,2,5,3,4,3,2,4,2,4,3,1,3,3,4,4,2,2,3,4,3,4,4,3,4,2,1,4,4,1,2,3,4,1,3,1,2,3,4,3,2,4,1,4,4,2,1,2,1,2,2,3,1,1,1,3,1,4,3,4,2,1,2,2,3,3,2,4,3,2,2,3,3,3,4,4,2,4,2,1,3,2,2,3,1,3,2,3,3,2,2,4,2,2,3,3,2,3,3,2,3,3,2,3,2,1,3,3,1,1,2,האדום מראה דפוסי מחשבה לוגיים יותר ביחס לכחול,134
2019-08-08 05:50:22,2019-08-08 06:29:08,0,132.66.195.75,100,2326,1,2019-08-08 06:29:09,R_9F8wtyRf0Ydu9Tb,,,,,32.0666961669921875,34.766693115234375,anonymous,HE,018,21,1,0,4,3,4,4,3,3,4,4,3,5,3,1,4,5,4,4,5,5,4,5,3,4,4,2,3,3,3,3,4,4,4,5,3,3,2,4,2,3,1,5,2,5,4,4,4,4,3,1,3,2,1,1,2,1,4,4,3,4,1,1,3,1,2,2,2,1,1,2,2,2,2,2,1,1,1,2,2,4,4,4,3,2,2,3,5,1,1,2,1,1,2,2,2,2,2,1,1,1,2,2,4,4,3,2,2,2,3,5,1,1,3,3,3,1,1,2,התשובות שלו נראות קצת (אבל רק קצת) פחות אקראיות,157
2019-08-14 23:07:34,2019-08-15 00:06:33,0,132.66.195.75,100,3538,1,2019-08-15 00:06:34,R_3jZnwcFnxGyELph,,,,,32.0666961669921875,34.766693115234375,anonymous,HE,019,22,1,0,5,3,5,1,5,4,5,4,3,5,4,2,5,3,4,5,5,2,3,5,1,4,2,4,5,4,4,5,3,5,2,5,5,4,3,5,4,4,1,4,4,4,4,2,5,5,2,1,3,1,2,2,2,1,3,5,3,2,1,2,2,2,5,3,3,2,1,3,4,1,2,1,1,1,1,2,1,2,4,3,2,4,1,4,3,3,3,2,1,1,3,2,1,1,1,1,1,1,2,1,2,4,3,2,4,1,4,3,3,3,3,1,1,1,3,1,"הייתי לוקח את הכחול כעוזר אישי. הייתי לוקח את האדום אם הייתי בודד ולא היה לי עם מי לדבר, כי הוא קצת יותר אנושי, אבל בעיקרון בגלל שאני לא מחפש לדבר עם רובוטים, הייתי מעדיף את הכחול כ""פותר משימות""",166
2019-08-15 01:54:26,2019-08-15 02:31:54,0,132.66.195.75,100,2247,1,2019-08-15 02:31:56,R_2bV0ijZ1eRO3yDH,,,,,32.0666961669921875,34.766693115234375,anonymous,HE,020,30,2,3,2,3,5,2,3,4,5,2,5,3,2,1,5,2,4,3,4,3,3,3,4,4,4,5,2,3,2,4,1,4,4,5,4,4,4,4,2,4,1,2,4,5,2,2,2,3,4,2,4,3,2,2,3,2,2,2,2,3,1,2,2,1,3,3,3,2,2,2,4,3,5,2,3,3,4,4,5,4,5,3,3,2,4,4,4,3,4,3,2,3,3,4,3,4,3,3,3,4,4,5,5,5,4,4,2,4,2,4,2,2,3,1,1,1,1,1,יותר התחברתי אליו,144
2019-08-15 02:41:02,2019-08-15 04:26:11,0,132.66.195.75,100,6308,1,2019-08-15 04:26:12,R_XA5RIwTthPL6d8t,,,,,32.0666961669921875,34.766693115234375,anonymous,HE,021,33,1,1,3,4,4,3,4,3,2,5,4,4,3,2,4,3,4,2,1,1,2,4,4,3,2,4,3,3,4,5,3,4,2,3,4,2,3,4,3,4,2,4,3,3,2,3,3,4,4,2,3,2,2,2,4,2,4,3,2,4,1,2,2,1,3,4,3,3,2,3,3,2,2,2,4,3,4,3,3,4,4,2,2,3,2,2,3,2,1,4,4,4,3,3,2,2,2,4,3,4,3,3,4,4,2,4,3,4,4,3,2,1,3,1,1,1,3,1,לדעתי הוא מתאים להשקפות המציאות של מה שהוצג והיה יותר מדויק בנתונים.,139
2019-08-15 04:27:59,2019-08-15 05:28:19,0,132.66.195.75,100,3620,1,2019-08-15 05:28:21,R_1plFw6IuZF3zzkz,,,,,32.0666961669921875,34.766693115234375,anonymous,HE,022,26,2,3,4,4,5,2,3,2,3,4,2,4,3,1,5,4,4,3,4,1,4,4,2,4,3,4,2,3,2,4,2,4,4,4,4,2,4,4,2,4,2,4,2,4,1,3,4,4,3,4,3,4,1,5,4,3,4,2,2,3,2,2,3,2,4,3,4,2,3,4,4,4,2,2,2,3,4,4,3,4,5,4,4,3,4,2,3,1,2,3,2,3,4,3,4,3,3,2,3,4,4,4,4,5,2,2,3,4,3,3,1,2,1,3,3,3,1,2,"יוכל לעזור לי לפתור בעיות שאני נתקלת בהם, אפשר להתייעץ איתו",140
2019-08-15 06:00:39,2019-08-15 06:23:13,0,132.66.195.75,100,1354,1,2019-08-15 06:23:14,R_Rxyb0SlzWzsm4vv,,,,,32.0666961669921875,34.766693115234375,anonymous,HE,023,26,2,3,4,4,4,2,4,4,4,3,4,4,4,2,5,3,4,4,4,2,4,4,4,5,2,4,2,3,3,4,2,4,4,4,4,3,4,4,1,4,4,2,2,4,2,2,3,4,3,3,4,2,3,4,5,1,3,2,4,4,1,1,2,1,1,5,1,1,1,1,1,3,3,1,1,1,1,3,3,4,4,3,4,3,4,2,3,3,3,5,1,1,1,1,3,3,1,1,1,1,3,3,4,4,3,4,3,4,2,3,3,3,1,1,1,1,1,1,היה נשמע יותר אמין במקרים,150
2019-08-15 06:24:33,2019-08-15 07:46:47,0,132.66.195.75,100,4934,1,2019-08-15 07:46:49,R_33g1fP9tujX0Gvj,,,,,32.0666961669921875,34.766693115234375,anonymous,HE,024,24,2,3,3,3,4,3,3,3,4,2,4,4,4,2,5,4,4,4,5,2,4,4,4,4,3,3,2,3,2,4,4,4,2,4,5,4,2,4,4,4,3,4,1,4,1,3,4,3,2,2,3,3,3,3,3,3,4,3,4,4,1,1,2,2,4,4,3,1,1,2,4,2,2,2,2,2,3,2,3,5,5,3,4,3,3,3,5,1,1,3,1,1,2,4,2,2,2,2,2,3,2,3,5,5,3,4,3,3,3,5,1,1,3,1,1,1,3,2,"אם זכרתי נכון והוא היה האמנותי יותר, אז זו הסיבה",149
2019-08-15 07:47:45,2019-08-15 08:28:07,0,132.66.195.75,100,2422,1,2019-08-15 08:28:09,R_3iwHzocU5JEjUQi,,,,,32.0666961669921875,34.766693115234375,anonymous,HE,025,22,1,0,3,4,4,1,4,4,4,1,3,5,3,1,5,3,4,3,5,1,4,4,3,4,2,4,2,3,1,4,4,3,3,5,5,3,5,5,1,4,2,5,3,4,2,3,4,4,4,2,2,1,1,2,4,1,4,3,3,4,1,1,3,2,4,1,4,2,2,2,1,3,2,1,3,3,3,3,4,4,4,3,2,3,3,2,5,1,1,1,2,2,2,1,3,2,1,3,3,3,3,4,4,4,3,2,3,3,2,5,1,1,3,3,1,3,1,2,לרוב הוא ענה תשובות הגיוניות יותר מהרובוט השני,146
2019-08-17 23:35:24,2019-08-18 00:30:27,0,132.66.195.75,100,3302,1,2019-08-18 00:30:28,R_3Rf5uuPSU2Af7iy,,,,,32.0666961669921875,34.766693115234375,anonymous,HE,026,26,2,1,3,1,5,4,2,4,5,1,3,4,4,1,5,4,4,4,5,1,4,4,3,5,1,2,2,3,1,4,4,5,2,5,4,3,4,5,1,4,3,3,1,5,3,5,2,3,3,3,4,3,2,3,4,3,4,3,3,5,1,1,3,1,2,4,2,4,4,5,3,4,4,5,2,3,3,3,3,2,2,4,2,4,2,3,2,4,4,4,2,2,1,3,2,2,1,3,3,3,3,3,4,4,2,4,2,4,3,4,2,2,1,3,3,3,3,2,יותר התחברתי אליו,146
2019-08-18 00:30:30,2019-08-18 01:28:26,0,132.66.195.75,100,3475,1,2019-08-18 01:28:27,R_31LwVWQaOkGUne6,,,,,32.0666961669921875,34.766693115234375,anonymous,HE,027,21,2,0,3,2,5,2,2,4,3,2,4,3,2,1,5,3,4,2,4,2,3,3,4,3,2,3,2,3,3,3,2,4,4,4,4,3,5,3,1,3,1,3,3,3,2,3,4,3,2,3,3,2,3,3,4,2,3,4,3,2,2,1,2,1,1,5,3,2,4,3,2,3,3,2,3,3,3,4,4,4,4,3,4,3,4,3,5,1,1,3,4,4,3,4,3,3,2,3,3,4,4,4,4,4,3,4,3,4,3,5,1,1,1,3,1,3,1,1,יותר חביב,130
2019-08-18 01:28:21,2019-08-18 03:01:31,0,132.66.195.75,100,5590,1,2019-08-18 03:01:33,R_Z4y76AlewV5Serv,,,,,32.0666961669921875,34.766693115234375,anonymous,HE,28,25,1,1,3,4,5,2,4,5,3,3,4,5,3,1,5,4,5,4,4,1,5,5,3,4,1,3,4,3,3,5,3,4,4,4,5,4,4,4,2,4,2,4,2,3,2,4,3,4,3,4,2,2,3,4,4,3,4,4,4,3,1,1,3,1,4,2,4,1,2,1,4,4,3,2,4,4,4,4,3,4,4,2,2,2,3,3,4,3,4,2,1,2,1,4,4,3,2,4,4,4,4,3,4,4,2,2,2,3,3,4,3,4,3,1,3,1,1,2,הרגשתי שהוא יותר אמין וניתן לסמוך עליו יותר,156
2019-08-18 03:58:29,2019-08-18 04:26:26,0,132.66.195.75,100,1677,1,2019-08-18 04:26:28,R_1Inl0Jcac2XTh0C,,,,,32.0666961669921875,34.766693115234375,anonymous,HE,029,25,1,0,3,3,4,2,3,4,5,2,4,5,4,1,5,3,4,4,5,3,2,3,3,3,3,4,3,3,3,4,2,3,2,4,4,4,3,4,2,4,2,4,3,4,2,4,3,4,4,1,4,1,3,2,5,1,3,2,2,3,2,2,3,2,3,3,1,1,2,1,2,1,1,1,2,1,3,3,3,4,4,3,1,2,2,3,5,1,2,1,1,2,1,2,1,1,1,2,1,3,3,3,4,4,3,1,2,2,3,5,1,2,3,1,1,1,3,2,אדום צבע יפה יותר לדעתי,146
2019-08-18 04:26:30,2019-08-18 04:51:55,0,132.66.195.75,100,1524,1,2019-08-18 04:51:57,R_9ZGrLH1dEw1lr8t,,,,,32.0666961669921875,34.766693115234375,anonymous,HE,029,24,1,1,3,2,5,1,4,4,4,2,4,5,4,1,4,2,4,3,4,1,2,4,3,4,2,4,3,2,2,4,2,3,3,4,4,4,2,3,2,4,2,5,3,3,3,2,2,2,4,1,4,3,3,2,2,2,1,2,3,2,1,2,2,2,2,3,3,1,2,2,1,3,4,2,3,2,3,3,2,3,3,3,4,3,3,2,4,2,2,2,1,2,3,1,3,4,2,4,3,4,4,4,5,5,3,4,3,3,2,5,1,2,1,3,3,3,1,1,משדר יותר חברותיות ואנושיות,136
2019-08-18 05:00:08,2019-08-18 05:23:06,0,132.66.195.75,100,1377,1,2019-08-18 05:23:07,R_2TZhnRKcbXBdj5L,,,,,32.0666961669921875,34.766693115234375,anonymous,HE,031,24,1,0,4,2,4,1,4,2,2,4,4,5,4,3,4,2,4,4,5,5,2,4,2,4,4,5,4,4,4,4,2,4,5,5,4,4,2,5,4,5,2,5,4,4,2,2,1,2,4,2,4,3,2,1,1,2,1,2,2,4,1,1,3,2,4,3,4,2,2,3,2,2,4,4,2,1,5,4,4,5,4,5,2,4,4,2,5,1,2,3,2,2,4,4,4,4,2,2,1,4,4,4,5,4,5,2,4,4,2,5,1,1,3,1,1,3,3,2,יותר התחברתי באופן כללי אליו,159
2019-08-18 05:23:09,2019-08-18 07:30:18,0,132.66.195.75,100,7629,1,2019-08-18 07:30:20,R_bOviNJPdxn6yShX,,,,,32.0666961669921875,34.766693115234375,anonymous,HE,032,31,1,0,3,3,4,2,5,4,4,4,4,5,3,2,5,3,4,3,3,4,2,4,4,4,3,3,4,4,3,4,2,3,3,4,4,4,3,3,2,4,2,4,4,4,2,4,3,2,4,1,3,3,2,2,1,1,2,1,1,3,1,1,2,1,3,3,3,2,4,2,1,3,4,2,4,3,4,4,5,5,5,4,3,3,3,1,5,1,1,3,2,4,2,1,3,4,2,4,3,4,4,5,5,5,4,3,3,3,1,5,1,1,3,1,1,1,3,2,פסיכולוג בבית....,152
2019-08-18 07:30:21,2019-08-18 08:25:02,0,132.66.195.75,100,3280,1,2019-08-18 08:25:03,R_tPZkqsclLosPYgF,,,,,32.0666961669921875,34.766693115234375,anonymous,HE,033,31,1,2,2,4,4,4,3,4,3,4,3,3,3,2,4,4,3,2,3,2,4,4,4,3,3,2,2,3,4,3,4,3,4,3,3,3,3,2,4,4,4,5,3,2,3,4,4,4,3,2,2,2,3,2,4,2,3,3,3,3,1,2,3,1,1,1,1,3,1,1,1,1,2,1,3,2,3,3,3,3,3,3,3,3,2,3,4,2,2,1,3,1,1,1,1,2,1,3,2,3,3,3,3,3,3,3,3,2,3,4,2,2,1,3,3,3,1,2,עושה רושם כיותר שימושי,143
2019-08-18 08:25:04,2019-08-18 08:55:06,0,132.66.195.75,100,1801,1,2019-08-18 08:55:08,R_vxiVUhdPSRLqLWp,,,,,32.0666961669921875,34.766693115234375,anonymous,HE,034,37,1,1,3,2,4,2,3,3,4,2,4,4,3,2,4,3,3,3,4,2,3,4,4,4,2,5,3,5,2,5,2,4,3,4,4,4,4,3,2,4,4,4,4,3,3,3,2,3,4,2,4,3,2,2,2,2,2,2,2,4,1,2,2,2,3,4,3,2,3,1,1,3,1,1,4,4,3,4,5,5,5,3,4,4,4,5,5,1,1,4,2,4,1,1,4,1,2,4,4,3,4,5,5,5,4,4,4,4,5,5,1,1,3,1,1,1,3,2,נראה מבין יותר אמנות ובחיי יום יום יותר מהרובוט הכחול,147
2019-08-18 08:55:09,2019-08-18 09:23:30,0,132.66.195.75,100,1700,1,2019-08-18 09:23:31,R_z9kEM3ZLIhAy3MB,,,,,32.0666961669921875,34.766693115234375,anonymous,HE,035,33,2,0,5,5,4,1,4,2,5,4,2,5,5,3,4,3,3,4,4,2,4,5,1,4,1,4,2,2,2,4,3,2,1,4,2,3,1,5,3,3,3,4,3,4,3,2,4,5,5,1,4,4,2,3,3,2,4,2,2,2,1,2,2,2,1,1,1,1,1,1,2,1,2,1,2,2,3,3,3,4,4,1,1,3,1,2,5,1,1,1,1,1,1,2,1,2,1,2,2,3,3,3,4,4,1,1,3,1,2,5,1,1,1,1,3,3,1,1,צבע יותר מרגיע,140
2019-08-21 23:46:11,2019-08-22 00:33:11,0,132.66.195.75,100,2820,1,2019-08-22 00:33:12,R_z8B5Jm0Iyqa7LVL,,,,,32.0666961669921875,34.766693115234375,anonymous,HE,036,24,1,0,3,4,5,1,3,3,4,2,4,5,4,3,5,2,5,4,4,2,4,3,3,3,2,5,3,5,4,4,2,2,3,4,5,4,2,4,3,4,3,3,4,3,2,1,2,3,4,2,5,3,2,3,2,1,2,1,1,3,2,1,3,1,5,5,5,3,4,2,1,4,4,2,3,3,4,4,4,5,5,3,4,4,4,2,5,1,2,5,3,4,2,1,4,4,2,3,3,4,4,4,5,5,3,4,4,4,2,5,1,2,3,3,1,3,1,2,במקרה של הגניבה יותר הסכמתי איתו וחשבתי כמוהו,148
